2245,32,0,10,1.4351e+06
2116,51,0,9,1.4672e+06
3004,5,0,10,73620
3234,46,0,1,2.0498e+05
2572,47,0,7,1.7312e+06
2338,34,0,7,1.7419e+06
1639,73,0,8,7.7901e+05
2375,37,0,9,8.1303e+05
2390,54,0,6,1.1335e+06
2402,80,0,5,4.5136e+05
1865,48,1,5,87810
2975,5,0,2,3.3232e+05
2724,40,0,8,1.6562e+06
2497,14,0,10,2.2004e+06
2515,12,0,3,7.7207e+05
2206,5,0,9,2.2136e+06
2393,35,0,8,1.1752e+06
2562,7,1,9,2.2729e+06
3003,37,1,7,22943
2519,68,0,8,44407
1859,3,0,4,33131
1636,54,0,4,4.6079e+05
2865,40,0,7,4.3019e+05
1886,10,0,9,1.7211e+06
2264,38,0,8,1.7901e+06
1819,63,1,8,1.3536e+06
2515,21,0,8,5.9883e+05
2011,78,0,3,2.1876e+05
2490,98,0,1,5934
3068,32,0,9,6.0003e+05
2765,74,0,6,1.0304e+06
3063,73,0,6,1.6446e+06
2281,48,0,4,62926
2095,51,0,8,1.4904e+05
3803,5,1,3,1.4019e+06
2038,44,1,6,2.8273e+05
2066,25,0,10,7.5449e+05
2438,31,0,7,4.0292e+05
2400,49,0,4,7.815e+05
2761,6,0,3,1.8082e+05
2453,49,0,7,4.7202e+05
2879,60,0,2,5.0729e+05
3752,72,0,10,3.7164e+06
2307,66,0,5,1.0257e+05
2406,61,0,2,3.2532e+05
2277,26,0,10,9.0339e+05
3236,67,0,2,4.979e+05
3169,2,1,2,3.814e+05
2470,2,0,8,2.0607e+06
2893,26,0,9,2.029e+06
2101,22,0,3,2.3844e+05
2645,21,0,10,1.0266e+06
2385,56,0,9,1.1231e+06
3004,49,0,9,7.2892e+05
2763,38,0,1,1.8053e+05
1865,55,0,4,1.6668e+05
2037,78,0,3,1.479e+05
2067,85,0,5,3.0161e+05
2269,51,0,1,6447
2388,85,0,2,18744
2459,86,1,10,2.2121e+05
2381,55,0,4,40651
3007,54,1,3,24062
1788,71,1,6,8.2359e+05
2677,60,1,8,1.3737e+06
1814,54,0,5,2.5192e+05
2442,76,1,10,1.7435e+06
2161,1,1,1,55955
2564,4,0,5,1.047e+06
3148,28,1,4,9.4256e+05
1943,12,1,2,37094
2328,39,0,6,2.7012e+05
2151,93,1,1,1.8592e+05
2281,76,0,3,2.6173e+05
2518,1,1,3,9.0711e+05
2995,34,0,10,5.3866e+05
2092,41,1,1,1.5805e+05
1109,26,0,5,2.54e+05
2319,53,0,6,1.2602e+06
3100,3,0,10,1.3446e+06
2272,7,0,2,53880
2512,95,0,5,11870
2288,94,0,10,1.4515e+06
3163,57,0,1,2.2578e+05
2920,25,0,1,25767
3124,58,0,6,1.0569e+06
2030,21,0,9,5.1022e+05
2898,73,1,3,2.4688e+05
3086,94,0,9,9.9312e+05
1897,68,0,4,5.0878e+05
3242,89,0,6,1.5415e+06
2401,87,0,6,1.0544e+06
2531,45,1,9,2.6643e+06
2343,56,0,9,1.8646e+06
2351,42,0,1,85533
2906,44,0,9,2.3324e+06
3353,89,0,10,1.8236e+06
2425,35,0,8,1.4517e+06
2303,21,0,4,8.3876e+05
2421,9,0,1,2.8782e+05
2025,26,1,6,8.0945e+05
2288,97,0,3,2.9635e+05
2259,11,1,8,1.9129e+06
3519,42,1,2,63496
2889,71,1,1,2.5944e+05
2192,71,1,1,5935
2683,5,0,6,1.3179e+05
2432,45,0,2,80986
2386,66,0,6,1.7751e+05
2734,7,0,5,7.6374e+05
2870,90,0,9,1.3743e+06
2718,93,1,5,1.0907e+05
2587,67,1,4,5.047e+05
2450,99,0,9,1.2249e+06
2819,19,1,2,6.9311e+05
2099,72,0,8,1.4344e+06
1601,100,1,3,2.237e+05
3073,92,0,4,8.9922e+05
2610,46,0,3,5.5708e+05
2280,76,0,9,1.3403e+05
1711,70,0,9,2.4845e+05
2735,25,0,1,1.9775e+05
2058,54,0,5,4.8168e+05
3042,46,1,7,2.3517e+06
2178,47,1,3,2.986e+05
3072,83,0,5,1.211e+06
2656,86,1,8,1.4023e+06
2302,12,1,8,8.1255e+05
2232,62,0,1,1.013e+05
2585,74,0,2,3.8572e+05
2491,79,0,6,1.1612e+05
2003,3,0,1,1.1439e+05
2392,84,0,10,1.1406e+05
3048,7,0,3,1.0925e+06
1979,75,0,1,1.0426e+05
3316,91,0,8,1.7613e+06
3140,66,1,6,1.9161e+06
1397,70,0,5,3.7787e+05
2966,72,0,7,8.6397e+05
3613,92,0,7,1.1681e+06
2633,86,1,9,2.0309e+06
3116,84,0,7,2.0128e+06
2670,81,1,6,4.9205e+05
2464,69,0,3,5.8836e+05
2263,72,0,8,1.4126e+06
2593,64,0,5,6.5694e+05
2809,52,0,9,1.9346e+06
2612,32,0,9,65019
2486,4,0,10,2.3168e+06
2310,89,1,3,3.9383e+05
2821,96,0,3,4.8080e+05
2522,98,0,8,1.5776e+06
1935,89,0,7,4.6524e+05
1272,76,0,1,27277
2045,19,0,2,2.6824e+05
1291,64,0,2,78284
2678,84,0,5,1.1235e+06
1981,40,0,1,30976
2261,54,0,4,5.8546e+05
2705,87,0,7,1.2229e+06
3466,1,0,10,1.606e+06
2290,82,0,4,7451
2929,74,0,8,3.3427e+05
2930,67,1,3,3.2938e+05
2677,99,0,5,9.4530e+05
1841,16,0,7,1.4399e+06
3270,53,0,9,2.5554e+06
2325,4,0,4,3.8747e+05
3001,65,0,4,2.7491e+05
2960,11,0,4,1.1319e+06
3202,62,0,8,98808
3748,28,0,9,2.1701e+06
2845,72,0,2,2.9419e+05
3185,33,0,8,5.5443e+05
1807,77,0,9,5.0471e+05
2562,72,1,4,5.9885e+05
2831,93,0,1,66941
2383,13,0,9,7.2934e+05
1670,9,0,6,5.2262e+05
3565,71,0,8,6.197e+05
1849,5,0,4,4.8561e+05
1987,23,0,2,1.5426e+05
1833,58,0,6,3.8585e+05
2781,68,0,7,1.1043e+06
2547,67,1,8,5.7932e+05
2704,58,0,7,8.6314e+05
3036,85,0,7,1.871e+06
2940,99,0,6,1.4534e+06
2668,50,0,3,6.6902e+05
2092,48,0,10,11872
2354,90,0,2,2.7252e+05
2725,24,1,5,1.053e+06
3294,60,0,2,75008
2245,44,0,9,7.6196e+05
2627,16,0,5,2.2916e+05
2329,54,0,4,7.2871e+05
2573,43,1,6,1.0528e+06
1646,81,0,9,59381
2317,55,0,6,1.1012e+06
2886,19,0,3,6.2295e+05
2961,66,0,9,2.2885e+05
2185,60,0,10,1.8331e+06
1670,91,0,7,7.247e+05
2631,43,0,5,6.4294e+05
2624,64,0,1,2.4543e+05
1897,91,0,5,3.4862e+05
3824,99,0,7,1.2363e+06
2145,57,0,4,5.7019e+05
2208,69,0,8,1.1145e+06
1815,68,1,9,1.2727e+06
2361,100,0,2,3.2384e+05
2614,75,1,10,2.9152e+06
2672,80,0,4,1.4163e+05
2817,82,0,9,7.3686e+05
3014,84,0,8,74490
2069,36,1,4,5.1751e+05
3051,39,0,4,1.1443e+05
3136,85,0,4,1.5452e+05
2170,45,0,1,85519
1820,5,0,8,2.7294e+05
2318,53,0,2,1.5932e+05
3562,14,0,8,1.6778e+06
2455,76,0,8,7.752e+05
3373,32,1,2,5.471e+05
2696,16,0,4,2.3929e+05
2535,70,0,6,1.8802e+05
3155,97,1,6,2.0094e+06
2455,40,0,10,1.1171e+06
2101,9,0,7,1.0378e+06
2011,99,0,9,44443
2450,4,1,6,1.1306e+06
2401,11,1,4,1.0974e+06
2921,44,0,4,6.6912e+05
2472,36,1,10,1.5092e+05
3067,26,0,4,6.7025e+05
3387,65,0,1,3.1765e+05
2496,69,0,8,1.4392e+06
1842,92,0,3,2.0444e+05
2952,35,0,5,8.0875e+05
2580,85,1,2,3.2385e+05
1804,6,0,8,6.1751e+05
2859,87,0,5,1.1032e+06
2770,58,0,3,2.53e+05
2420,34,1,4,1.1355e+06
2156,64,0,5,3.8092e+05
2870,40,0,2,4.0579e+05
2038,44,0,7,2.9845e+05
3678,50,0,7,2.1406e+06
2546,85,0,6,3.8228e+05
2700,7,1,2,1.7138e+05
2475,32,0,7,8.5506e+05
3095,28,0,8,8.0625e+05
2228,27,0,1,1.6502e+05
1709,48,0,7,1.6611e+05
2446,42,0,7,57622
2129,33,1,5,1.3765e+06
2375,2,1,9,1.2692e+06
1883,35,0,6,2.6136e+05
3746,48,0,7,1.6213e+06
3282,2,0,7,1.7024e+06
2655,93,0,9,1.3097e+06
2131,59,0,8,2.1046e+05
2004,100,0,2,1.994e+05
2795,8,0,9,2.1331e+06
2992,53,0,8,1.7846e+06
3239,51,0,5,1.0301e+06
2712,33,0,8,3.4006e+05
2253,66,0,7,4.4531e+05
2859,70,1,10,9.8105e+05
1658,8,0,7,8.7499e+05
2723,98,0,9,8.0427e+05
2966,15,0,10,1.2565e+06
2171,76,0,2,3.3835e+05
2268,73,0,7,3.1538e+05
3380,34,0,2,7.4167e+05
2682,40,0,9,2.0193e+06
1997,57,1,1,83298
3519,43,0,5,4.4153e+05
2393,93,0,3,82605
2030,89,1,7,1.0186e+06
2300,4,0,9,4.4476e+05
2800,74,0,9,1.2892e+06
2725,42,0,10,2.1096e+06
1901,37,0,1,1.6071e+05
2362,77,0,3,3.5369e+05
1187,92,0,8,18759
2208,20,0,1,75428
2741,20,0,1,2.1549e+05
1953,6,0,4,9.1812e+05
1926,31,0,1,55933
2671,99,0,9,6.0582e+05
3521,96,0,5,9.0075e+05
2350,21,0,1,1.8711e+05
2165,64,0,5,7.6878e+05
2680,25,0,2,5.3802e+05
1274,74,0,8,3.1694e+05
2559,26,0,4,710
2222,17,0,9,1.6145e+06
2540,93,1,3,6329
1556,18,0,10,1.4462e+06
2626,80,0,3,7.2754e+05
2638,66,0,1,2.119e+05
2881,13,0,6,1.4075e+06
2549,99,0,6,2.376e+05
2474,79,0,9,1.2134e+05
3090,12,0,1,2.1514e+05
2350,33,1,2,44291
1940,54,0,5,4.4774e+05
3227,31,0,2,6.9849e+05
2192,66,0,4,3.9732e+05
1830,94,0,4,3.0429e+05
1882,97,1,4,3.9705e+05
1787,60,0,10,1.5782e+06
2609,70,1,2,2.5346e+05
3513,35,1,8,1.0651e+06
2279,76,0,3,4.77e+05
2785,67,0,8,8.7594e+05
1988,88,0,5,6.7624e+05
3071,2,0,6,1.3967e+06
2052,82,0,10,1.774e+05
3074,17,0,8,3.4658e+05
2820,57,0,3,5.0495e+05
2757,55,1,7,2.688e+05
2562,33,0,6,18816
3076,65,0,1,1.0098e+05
1761,79,1,10,1.8244e+05
2313,35,0,5,9.1391e+05
3127,99,0,6,84585
1955,65,0,7,4.6693e+05
2138,33,0,2,3.5706e+05
1861,22,0,2,2.7265e+05
2963,86,0,8,1.3436e+06
2746,27,0,3,2.6194e+05
2915,18,0,9,7.1698e+05
2834,29,0,6,2.9367e+05
2313,13,0,10,1.0625e+06
3015,71,0,8,1.2676e+05
2293,58,0,2,52531
2099,46,1,5,1.0238e+06
1921,96,0,1,77070
2681,96,0,2,40772
2332,3,0,9,2.1155e+06
2366,44,1,1,43292
1725,6,0,9,6.1555e+05
2769,35,0,7,1.2481e+06
1834,2,0,8,1.4111e+06
1527,57,0,10,3.2182e+05
1197,12,0,9,9.538e+05
2656,78,0,7,8.82e+05
2128,35,0,2,3.4529e+05
2894,90,0,9,1.7676e+06
3326,94,0,6,4.4388e+05
2849,14,0,6,1.5701e+06
1762,98,0,4,2.7337e+05
2644,2,1,9,2.529e+06
2769,33,0,5,43608
1520,34,1,4,4.166e+05
2472,70,1,5,11982
1816,79,0,9,1.1516e+06
3543,90,0,5,1.392e+06
2047,77,0,5,1.4292e+05
2428,69,0,10,1.496e+06
3329,96,0,8,6.2112e+05
2322,31,1,5,5.0302e+05
1941,12,0,8,1.5855e+06
2280,14,0,5,4.7168e+05
1795,53,0,5,7.2563e+05
1703,91,0,8,5.0079e+05
1516,14,0,8,9.5286e+05
3128,38,0,5,1.1282e+06
2186,38,0,10,2.2406e+06
2981,96,0,2,2.8987e+05
2369,72,0,3,4.2315e+05
3798,89,0,9,1.1631e+06
2606,28,1,8,1.5682e+06
3263,68,1,8,2.6436e+06
3076,61,0,8,7.489e+05
2037,47,1,6,7.9889e+05
2718,1,1,3,1.0087e+06
2769,39,1,6,7.5015e+05
1937,65,0,2,3.0215e+05
2872,63,1,5,1.3e+06
2159,1,1,4,4.1418e+05
1839,51,0,2,3.4002e+05
2282,80,1,8,3.9449e+05
3282,93,0,1,1.0807e+05
2192,13,1,5,1.1862e+06
1424,11,0,4,6.3862e+05
2843,58,0,1,2.2592e+05
2290,77,0,5,4.3713e+05
1750,59,0,3,2.4222e+05
1782,1,0,10,1.7409e+06
2352,66,1,2,21753
2596,60,0,5,5.7134e+05
2813,47,0,8,1.2334e+06
2809,80,0,2,4.0773e+05
2412,19,1,10,1.3938e+06
3203,45,0,9,6.7705e+05
2622,76,0,4,90652
2307,93,0,5,5.8588e+05
1962,21,0,1,1.3417e+05
1871,32,0,8,1.4953e+06
2818,45,0,5,1.2468e+06
1818,37,0,8,6.9916e+05
2313,56,0,2,2.6011e+05
2151,52,1,4,3.8819e+05
2364,86,0,1,1.7338e+05
2706,90,0,5,7.9435e+05
2625,67,1,3,7.0726e+05
2805,61,0,9,1.4853e+06
2625,10,0,2,4.0978e+05
1877,59,0,2,2.7932e+05
2198,13,0,1,53995
1993,28,0,4,8.4702e+05
3225,76,0,7,1.5179e+05
3277,34,0,3,3.9308e+05
2934,98,0,10,5.0162e+05
2421,4,0,2,1.4852e+05
2288,44,0,9,4.4273e+05
2528,20,1,4,3.619e+05
2611,19,1,10,2.7605e+06
1972,61,0,10,86577
2362,37,0,3,7.0096e+05
1888,15,0,1,1.3203e+05
2577,21,1,5,1.8394e+05
1572,17,0,1,88332
2385,23,0,2,1.0248e+05
1851,31,0,2,25232
2141,36,0,2,1.0817e+05
2549,58,0,10,6.6441e+05
2689,53,0,2,42897
2303,55,0,6,2.201e+05
2275,17,0,8,1.7105e+06
3022,88,0,2,62457
3529,62,0,2,6.729e+05
3480,64,1,2,8.2583e+05
2767,90,1,9,7.7585e+05
2165,26,0,4,7.7154e+05
1958,38,0,5,6710
2805,40,0,2,2.0635e+05
3452,44,0,10,1.1497e+06
1684,83,0,9,6.3464e+05
3004,99,0,1,1.5881e+05
2214,34,0,9,3.198e+05
2526,20,0,5,5.8354e+05
2312,79,0,4,5.7792e+05
1829,29,0,10,1.2433e+06
3235,83,0,6,9.3193e+05
2229,59,1,2,73326
2970,34,0,1,7724
2194,62,0,2,2.9251e+05
2524,15,1,7,1.8199e+06
2103,62,0,8,6.797e+05
2644,99,0,8,6.6338e+05
2245,81,0,7,8.7211e+05
2412,11,0,2,34635
2957,81,0,9,1.3299e+06
3309,57,1,9,1.3018e+06
2626,87,0,4,7.8614e+05
2939,5,0,7,5.7859e+05
2333,81,1,4,5.1321e+05
2260,57,1,10,9.6218e+05
2845,71,0,3,4.7378e+05
1847,3,0,5,7.4761e+05
2998,89,0,6,1.0105e+06
2764,80,0,7,8.8983e+05
2159,64,0,6,5.3443e+05
2771,58,0,4,3.9863e+05
2888,88,0,1,1.1704e+05
2730,59,1,9,1.7688e+06
2946,48,0,3,5.1312e+05
1658,9,0,2,2.4466e+05
1898,32,0,6,9.3363e+05
2118,18,0,7,1.4735e+06
2779,93,0,1,2.2553e+05
1823,85,0,2,41973
2525,61,0,2,75401
2890,56,0,9,1.183e+06
2720,52,0,3,8.2035e+05
2778,35,0,1,6606
2671,48,0,5,5.2689e+05
2547,67,1,5,7.8213e+05
1728,73,1,1,90309
2421,79,0,3,79438
2023,29,1,9,8.1936e+05
2778,8,0,6,1.7094e+06
1599,73,0,7,6.8029e+05
2980,68,1,5,1.0646e+06
2097,52,1,6,1.9595e+05
2477,12,1,3,30340
2585,5,0,3,3.5687e+05
1979,60,0,10,1.3334e+06
3350,33,0,8,1.5806e+06
2251,53,0,2,1.5866e+05
2986,9,0,3,1.0331e+06
3030,59,1,4,1.2837e+06
2554,11,0,10,6.4223e+05
1734,61,0,4,4.9862e+05
2575,48,0,9,5.7182e+05
2544,78,0,9,1.6864e+06
2527,98,0,10,1.1955e+05
2658,68,0,9,1.544e+05
2381,13,0,3,4.2148e+05
3124,66,1,5,1.1217e+06
2819,81,0,4,1.1001e+05
2756,57,0,2,5.4831e+05
1825,94,1,6,50030
1256,86,0,10,4.9493e+05
2673,69,0,9,2.27e+06
1682,3,0,8,1.4173e+06
2378,55,0,5,6.0328e+05
3027,5,1,6,8.5858e+05
2543,2,0,3,9.1035e+05
2771,90,0,4,2.1433e+05
2172,4,0,1,5579
2233,8,1,3,7.6855e+05
3709,20,0,6,9.247e+05
2795,85,0,6,6.0581e+05
2210,85,0,5,4.4753e+05
2474,92,0,1,1.9323e+05
1804,50,0,5,1.3204e+05
2706,48,0,8,4.8884e+05
2253,28,0,8,1.5861e+06
3075,70,1,2,1.666e+05
2090,41,0,4,5.7128e+05
2734,74,1,2,6.232e+05
2915,49,1,9,9.0613e+05
2814,7,0,5,3.2580e+05
1646,47,0,4,2.4495e+05
2239,46,0,10,1.7483e+06
3578,72,1,5,1.3666e+06
1201,46,0,8,55011
2725,62,1,4,9.8712e+05
3285,82,0,1,2.9821e+05
1640,47,0,2,2.2026e+05
3152,25,0,2,6.1055e+05
2757,9,0,6,9.091e+05
2106,82,0,9,4.4225e+05
2444,6,0,4,1.1107e+06
2699,79,0,7,1.1214e+06
2526,49,1,1,38202
2827,69,0,8,2.1459e+06
3001,91,0,9,1.6486e+06
2950,80,0,5,1.6003e+05
2671,85,0,8,6.3267e+05
2256,63,0,7,9.7874e+05
2296,43,1,6,7.7312e+05
1912,50,0,8,7.0292e+05
2614,55,0,4,9.7274e+05
2687,34,0,9,1.7903e+06
3154,92,0,10,2.8833e+06
2206,55,1,8,1.517e+05
1967,93,0,6,6.017e+05
2473,50,0,6,6.828e+05
3208,52,0,7,9.1729e+05
2007,66,1,1,1.3993e+05
2138,89,0,2,3.2602e+05
3067,23,0,4,3.7283e+05
2726,52,1,7,1.3875e+06
2232,89,0,6,5.2292e+05
1947,3,0,8,2446
2162,77,0,4,5.4039e+05
2835,9,1,8,8.8871e+05
1359,23,0,1,1.0204e+05
2992,77,0,5,1.3644e+06
1755,86,0,6,6.2839e+05
3568,82,0,10,2.3898e+06
2523,12,0,6,1.2514e+06
2649,69,0,3,5.6569e+05
1921,54,0,3,4.1874e+05
2175,70,1,10,4.9041e+05
2916,79,0,3,5.6893e+05
1732,74,0,1,1.1456e+05
2235,68,0,8,3.5919e+05
1576,54,1,1,1.0256e+05
2166,14,0,8,6.6269e+05
2094,19,0,8,1.5786e+06
2376,54,0,4,1.6972e+05
2136,95,1,6,1.1429e+06
2852,92,0,1,2.2322e+05
2755,64,0,10,1.6126e+06
2888,79,1,9,1.4061e+06
3330,99,0,4,4.9142e+05
2120,44,0,1,70793
2998,16,0,7,1.91e+06
2844,90,0,6,1.1436e+06
2036,10,0,1,1.2506e+05
3465,78,0,8,1.5532e+06
2865,20,0,5,3.9761e+05
1579,6,0,10,1.2029e+06
1926,27,0,10,2.5855e+05
1400,16,1,6,2.7168e+05
2751,45,0,3,7.32e+05
2223,26,0,7,9.0265e+05
3400,71,0,3,8.0032e+05
2910,93,1,9,2.768e+06
3176,32,0,8,2.2558e+06
2883,38,1,3,8.8289e+05
2355,87,0,2,2.7931e+05
1751,51,0,1,1.1512e+05
2320,99,0,6,20816
2435,47,0,3,2.1114e+05
2532,20,0,9,2.3233e+06
1107,49,0,1,12015
1789,96,0,7,2.8005e+05
2727,5,1,8,2.2384e+06
3657,72,0,2,1.023e+05
1860,51,0,2,3.1182e+05
1890,51,0,3,1.7631e+05
2808,45,0,4,6.0667e+05
2759,47,1,9,2.7048e+05
3208,100,0,10,2.1592e+06
2165,17,0,8,2.4605e+05
1995,95,0,9,1.2348e+06
2586,90,0,8,4.4539e+05
1444,97,0,9,3.6387e+05
3303,80,0,3,5.8959e+05
3168,24,0,2,2.0898e+05
2316,1,0,5,1.2715e+06
2218,98,0,5,5.951e+05
2004,91,0,8,9.5532e+05
2458,22,1,9,2.6614e+06
2850,50,0,6,4.6719e+05
3142,47,0,8,1.384e+06
2398,58,0,9,8.6154e+05
2291,30,0,10,2.0296e+06
2130,68,0,1,58731
2552,11,1,10,8.4595e+05
2707,86,0,9,2.1973e+06
1299,7,1,1,36630
2007,67,0,10,6.7740e+05
1939,44,0,10,1.4388e+05
2039,29,1,3,3.1174e+05
2157,57,0,8,3.7061e+05
3298,56,0,2,3.7414e+05
2617,21,1,6,6.941e+05
2932,75,0,5,1.2774e+05
2305,25,1,5,1.2275e+06
3499,7,0,6,76551
2362,44,0,7,7.4601e+05
1779,97,0,8,5.9224e+05
1861,84,0,2,43064
3269,87,0,8,8.2531e+05
1686,76,1,6,6.6819e+05
2468,52,0,9,3.4256e+05
2258,7,0,10,6.833e+05
2553,29,0,9,4.3434e+05
2299,59,0,1,9936
2740,36,0,5,9.7552e+05
3330,61,1,5,5.1438e+05
1954,16,0,6,9.2026e+05
2470,33,0,10,2.2273e+06
1807,12,0,3,5.2087e+05
2283,4,0,5,6.726e+05
2754,82,0,9,2.226e+06
2651,85,0,1,2.2683e+05
1811,70,0,8,1.0412e+06
2430,35,0,7,2.9237e+05
1837,34,0,1,1.2496e+05
2539,40,1,3,4.0968e+05
2349,94,0,1,1.5023e+05
2566,20,0,8,2.2781e+06
958,93,0,8,60211
3537,65,0,9,3.1219e+06
2926,85,1,7,1.7715e+06
2360,72,0,10,1.0485e+06
2984,99,0,8,1.5542e+06
2741,20,0,7,1.9026e+06
3131,20,0,6,1.7108e+06
2458,41,0,5,7.3239e+05
2406,34,1,8,9.9979e+05
2562,7,1,3,1.0726e+06
2564,3,0,1,1.3776e+05
2486,79,0,5,5.2234e+05
2759,11,0,6,1.9396e+06
2435,25,0,3,2.6505e+05
2486,10,0,1,2.6585e+05
2483,57,0,7,3.5372e+05
2890,2,0,1,2.673e+05
2818,39,0,1,2.2007e+05
2111,53,0,2,2.4303e+05
2745,6,0,10,1.1532e+06
1002,23,0,4,83506
3185,36,1,4,3.6821e+05
3031,61,0,5,1.3888e+06
1980,89,0,4,4.1051e+05
1766,76,1,1,1.5713e+05
2471,70,0,3,3.3699e+05
2299,13,0,5,1.2567e+06
1931,85,0,8,3.3602e+05
2547,80,1,9,2.3132e+05
2785,5,0,5,1.5676e+06
2045,87,0,9,5.97e+05
3077,99,0,7,1.4234e+05
2590,70,1,4,6.1159e+05
2177,99,0,8,8.852e+05
3172,53,1,7,1.2543e+06
2886,28,0,10,3.2098e+06
3763,55,0,3,53348
2317,3,0,1,1.5884e+05
3555,2,0,2,2.8862e+05
2728,62,0,4,1.6426e+05
2156,34,0,6,1.3569e+06
2374,85,0,9,7.7224e+05
2181,35,1,3,4.5146e+05
2069,59,1,5,4.7039e+05
2915,98,0,8,1.4403e+05
2862,6,0,6,2.0264e+06
1671,27,0,3,1.6934e+05
2314,66,0,8,1.7259e+05
2649,22,0,4,4.3503e+05
1783,54,0,5,4.9746e+05
3294,85,0,3,8.7213e+05
2575,48,0,5,1.0793e+06
3245,86,0,5,1.3737e+06
2535,93,0,6,7.7752e+05
3398,95,0,2,6.2474e+05
3004,75,0,1,2.0908e+05
2608,89,0,8,2.8367e+05
2276,33,1,3,4.586e+05
2532,78,0,8,2.7711e+05
2289,97,0,6,7.264e+05
2416,21,1,8,1.8066e+06
2771,79,0,6,3.871e+05
2950,31,0,1,1.019e+05
2163,80,0,1,40507
2534,6,0,6,7.2916e+05
3031,63,1,7,80496
2793,80,1,10,2.2365e+06
2553,32,0,5,6.0305e+05
2756,90,0,4,6.8841e+05
2007,68,0,5,2.6386e+05
2303,86,1,3,6.4466e+05
2107,50,0,3,4.3574e+05
2623,84,0,4,7.9245e+05
2633,87,0,6,8.8667e+05
1754,49,0,7,2.204e+05
2026,14,0,2,2.9263e+05
2739,22,0,8,2.1751e+06
2458,65,0,9,2.9855e+05
2314,34,0,4,4.7424e+05
3021,2,0,5,1.1453e+06
2584,92,0,1,7997
2400,9,0,3,8.4778e+05
1853,9,1,4,8.4826e+05
3406,92,0,4,1.1809e+06
3124,51,0,8,1.8452e+06
3154,79,0,1,2.407e+05
2752,2,0,1,2.497e+05
2284,11,0,5,6.1172e+05
2673,50,0,9,2.4797e+06
2561,58,0,9,2.1995e+06
2693,6,0,7,1.8787e+06
2849,76,0,5,1.0021e+06
3119,70,1,9,2.1732e+06
2718,9,0,4,5.2331e+05
2965,1,0,5,2.847e+05
2495,19,0,6,6.3194e+05
2040,80,1,7,2.8805e+05
2172,26,1,9,1.7868e+06
2802,63,0,3,6.9812e+05
2055,65,1,2,1.453e+05
2930,35,0,3,38988
1648,45,1,5,5.9487e+05
2371,76,0,3,5.4776e+05
2385,30,0,7,1.8416e+06
1818,47,1,8,1.3184e+06
3007,33,0,5,5.6485e+05
1784,65,1,2,2.5402e+05
2929,77,1,3,5.9308e+05
1975,87,0,10,1.1818e+06
2877,33,0,6,2.908e+05
2846,15,0,9,1.7719e+06
1722,71,1,9,1.1129e+06
2044,61,1,4,6.29e+05
2701,74,0,3,2.2671e+05
3128,3,0,5,5.0389e+05
2251,64,0,10,1.6388e+06
3301,30,1,8,7.916e+05
2734,74,1,1,1.9637e+05
2309,73,0,9,1.1085e+06
2219,53,1,9,74239
1961,9,0,7,1.6008e+06
2791,54,0,8,2.0588e+06
1279,18,1,10,28540
2547,18,0,6,1.4372e+06
1612,4,0,1,1.5974e+05
2557,39,0,1,2.6895e+05
2024,82,0,2,92373
2037,4,0,9,4.8348e+05
2534,70,0,7,1.5925e+06
2445,11,0,8,4.3028e+05
1932,43,0,2,2.132e+05
1619,35,0,5,2.8381e+05
2758,58,0,8,8.1973e+05
2856,72,0,7,74416
2027,36,1,8,1.6446e+06
2905,90,0,8,9.1888e+05
2867,86,0,2,2.0028e+05
3076,69,0,9,1.7058e+06
3920,40,1,1,1.5551e+05
2558,48,1,4,5.629e+05
3312,85,1,3,3.8634e+05
1927,65,0,8,4.305e+05
2906,11,0,10,1.0847e+06
1784,100,0,10,8.3433e+05
1419,44,1,7,1.6455e+05
2903,49,0,10,6.0051e+05
2786,37,1,7,7.4914e+05
3107,73,0,3,5.1084e+05
3702,2,0,2,6.654e+05
2669,95,0,8,1.6723e+06
2696,74,0,7,1.6948e+06
3236,91,0,2,1.165e+05
2079,4,0,2,4.7937e+05
2683,53,0,6,1.1959e+06
2930,14,0,6,4.6885e+05
2691,45,0,7,8.6074e+05
2226,91,0,5,1.584e+05
2671,97,0,8,1.1168e+06
3142,21,0,9,1.0142e+06
2204,20,0,8,6.0337e+05
3571,61,1,2,1.7228e+05
2850,58,0,6,1.6089e+06
2068,8,0,4,7.6147e+05
2544,91,1,5,5.175e+05
2975,90,0,1,2.222e+05
3140,14,0,7,2.2241e+06
2404,22,0,6,9.1049e+05
2779,55,0,3,5.7903e+05
2066,92,0,4,1.5717e+05
2838,3,0,6,6.4882e+05
2435,18,0,6,1.0659e+06
3130,68,0,10,6.322e+05
2293,95,0,9,5.1958e+05
3233,74,0,9,6.1819e+05
2211,61,0,4,2.9458e+05
2845,39,0,3,7.3216e+05
2452,54,1,5,4.4244e+05
2097,38,0,3,6.4658e+05
2157,10,0,10,6.5871e+05
2755,85,0,6,1.439e+06
2138,37,0,7,9.7422e+05
2399,50,1,1,2.7283e+05
2351,61,0,7,6.6643e+05
2685,86,0,9,6.8247e+05
3081,67,0,8,5.7338e+05
3607,56,0,6,1.2854e+06
2061,77,0,9,2.3087e+05
1933,75,0,6,3.0724e+05
3122,12,0,8,7.6644e+05
2482,49,1,8,1.1745e+06
2901,68,0,7,5.2435e+05
3540,66,0,1,1.9491e+05
3070,87,0,8,2.1854e+06
2828,55,0,8,1.6427e+06
2832,18,0,4,1.3167e+06
2880,44,0,4,1.0971e+06
2529,56,1,7,7.6001e+05
3063,55,0,7,1.4424e+06
1874,99,0,9,1.1257e+06
2545,40,0,2,4.8415e+05
2782,30,0,6,1.7937e+06
2939,72,0,3,8.1377e+05
1597,86,0,6,4.5484e+05
2256,24,0,9,1.6458e+06
2929,77,0,10,2.8324e+06
2401,80,0,6,1.4907e+05
2939,29,0,6,2.3292e+05
1931,14,0,8,7.692e+05
3835,67,1,5,1.2083e+06
3251,66,0,1,2.7939e+05
3409,35,0,1,62065
2845,64,0,10,2.5474e+06
3355,6,0,7,1.4928e+06
1655,99,1,2,1.7045e+05
3635,99,0,3,4.3944e+05
2429,33,0,8,1.5832e+06
1307,14,0,5,92798
3494,5,0,4,1.4586e+06
2713,68,0,1,26846
3016,7,0,6,1.6709e+06
2264,81,0,7,6.9225e+05
2724,70,0,2,1.5170e+05
3187,51,0,8,6.1264e+05
2155,91,0,4,6.72e+05
2229,66,0,2,2.8882e+05
1972,95,0,3,1695
3388,65,0,6,1.2172e+05
2806,7,0,4,8.4227e+05
2101,37,0,6,32025
2489,2,0,4,3.8755e+05
2848,23,0,4,1.1723e+06
2800,82,0,3,4.4232e+05
2073,46,0,3,49565
3508,76,1,3,9.2357e+05
1958,11,0,9,1.6545e+06
2258,44,0,6,1.1098e+06
2739,54,0,7,1.6911e+06
3070,36,0,2,5.586e+05
1636,30,0,9,1.8364e+05
1933,30,0,3,89506
2452,69,1,8,2.0648e+06
2831,98,1,4,6023
2259,4,0,2,4.6042e+05
2653,17,0,10,2.5335e+06
2819,46,0,8,4.263e+05
3048,66,0,7,1.2714e+06
1804,37,0,3,5.2915e+05
2853,77,0,7,8.1838e+05
1327,91,0,5,1.9378e+05
2770,85,0,2,4.2396e+05
2291,71,1,10,1.1238e+06
1553,76,1,5,7.6360e+05
2471,57,0,3,6.6697e+05
3015,46,0,2,3.7003e+05
2706,15,0,2,6.2007e+05
2084,60,0,8,9.8568e+05
3023,50,0,3,6.009e+05
2232,100,0,9,1.5455e+05
2524,32,0,2,3.7158e+05
2433,60,0,6,6.3424e+05
2108,79,1,4,7.7484e+05
2534,44,0,8,1.3991e+06
2236,46,1,10,97170
2335,88,0,2,2.4132e+05
2961,16,1,10,3.076e+06
3141,23,0,2,4.4548e+05
2668,53,1,9,1.56e+06
3049,27,1,10,2.4397e+06
2814,58,0,2,4.7989e+05
2750,96,0,8,7.0287e+05
2927,19,0,6,9.6195e+05
2962,40,0,6,1.3927e+06
2427,49,0,1,1.5708e+05
2766,6,0,7,1.8364e+05
2659,6,0,1,1.7474e+05
2690,38,0,6,1.1986e+05
2914,95,1,2,67911
2815,78,1,1,1.4724e+05
1969,34,0,10,1.267e+06
2633,6,0,3,4.081e+05
2116,75,0,10,1.8003e+06
2968,99,0,1,1.9805e+05
1765,69,0,5,64444
1979,98,1,7,1.1078e+06
2584,49,1,10,2.0367e+06
1247,76,0,9,67005
2995,16,0,3,6.627e+05
3024,26,1,5,9.7534e+05
3304,8,1,6,1.4629e+06
3142,52,0,3,8.0204e+05
2104,66,0,4,1.0576e+05
2308,96,0,1,43958
2765,75,0,2,4.9474e+05
2762,36,1,6,8.7369e+05
2987,70,1,5,1.4502e+05
3359,97,0,8,16
2451,32,1,2,2.4973e+05
2624,66,0,10,2.2697e+06
1612,88,1,8,5.8291e+05
2377,25,0,3,2.3559e+05
2276,33,0,4,8.6428e+05
3406,76,0,8,1.0663e+06
2787,56,0,8,5.8344e+05
2845,72,0,4,4.5906e+05
3128,75,0,3,3.7083e+05
3829,24,0,3,4.429e+05
1887,7,0,4,1.9458e+05
2478,27,0,8,6361
1872,55,0,2,2.7557e+05
3601,7,0,7,1.7714e+06
3023,11,0,6,1.8442e+06
3380,84,0,4,8.6864e+05
2756,68,1,1,2.9013e+05
1898,16,0,4,74006
3274,97,0,5,1.3547e+06
2603,77,0,1,1.0454e+05
1754,42,0,1,39875
2573,71,1,1,2.8325e+05
2528,70,0,8,4.1365e+05
2544,18,0,1,1.9642e+05
2272,14,0,10,8.3692e+05
2251,4,0,8,5.7644e+05
1926,44,0,7,7.3747e+05
2459,74,1,3,6.516e+05
2332,7,0,7,4.7745e+05
1715,90,0,5,2.4672e+05
2139,55,0,7,5.9381e+05
2435,70,0,8,1.2138e+06
3571,18,1,10,4.1906e+05
2848,80,0,4,1.9246e+05
2556,26,0,1,65626
2620,53,0,9,9.611e+05
2645,37,0,3,6.6052e+05
1920,28,0,6,5.5202e+05
2276,10,0,4,8.6788e+05
2555,8,0,8,5.2695e+05
2934,81,0,9,2.2038e+05
2367,87,0,8,1.2846e+06
2442,22,0,7,1.0408e+06
2575,26,0,9,2.1989e+06
2419,1,0,8,1.0818e+06
2705,18,0,10,1.6758e+06
1873,75,0,3,1.3574e+05
2779,24,0,7,1.9335e+06
2337,54,0,8,4.4924e+05
3785,47,1,9,3.1198e+06
3426,94,0,2,5.5242e+05
2432,98,0,5,4.2815e+05
2928,12,0,2,2.9127e+05
2671,68,0,2,3.2095e+05
3021,12,0,9,2.3954e+06
1689,4,0,2,1.7201e+05
2881,21,0,9,2.3681e+06
2497,80,1,4,8.6385e+05
2112,25,0,7,2.4873e+05
3211,21,0,1,53959
2383,91,0,1,90298
2732,15,0,6,62414
2291,98,0,10,1.0459e+06
2179,87,0,1,1.7447e+05
2085,20,0,3,1.3455e+05
2691,42,0,7,1.7636e+06
2586,88,0,5,9.6047e+05
2453,56,0,2,4.2733e+05
2421,59,1,4,9.2358e+05
2794,6,0,4,2.6532e+05
2943,11,1,7,1.1549e+06
2408,7,0,9,1.3608e+05
3140,10,0,4,28174
2261,89,0,3,1.7384e+05
2809,39,1,9,7.2770e+05
1901,72,0,5,5.846e+05
3082,96,0,9,6.9848e+05
3188,48,1,3,4.7173e+05
2662,81,0,6,1.4211e+05
1944,87,0,2,1.5056e+05
3062,61,0,4,3.857e+05
2429,48,0,10,1.3623e+06
2547,61,0,5,2.9639e+05
2071,67,0,4,3.4243e+05
3212,72,1,10,2.7669e+06
2360,56,0,3,16310
1987,19,0,3,2.9174e+05
2371,32,0,10,96945
1858,2,1,8,4.649e+05
2810,60,0,3,6.6151e+05
2435,62,1,3,8.6091e+05
2800,61,1,10,2.5352e+06
3241,75,1,5,1.5098e+06
2296,23,0,4,3.8213e+05
3038,69,0,10,2.9711e+06
1885,52,0,3,20864
1856,14,0,10,3.375e+05
2386,27,1,7,5.5834e+05
2588,68,0,1,1.9062e+05
2852,51,0,3,27356
2607,89,0,3,57254
2696,19,0,7,2.1582e+06
2954,26,0,3,1.0044e+06
2930,33,1,5,61824
1529,19,0,7,6.102e+05
2687,1,0,9,7.0648e+05
2455,29,0,2,3.6900e+05
1937,10,0,6,4.2716e+05
2428,81,1,7,9.8574e+05
2675,25,0,6,1.7332e+06
2861,90,0,3,16174
2316,54,0,1,2.2213e+05
1714,29,1,10,2.0371e+06
2901,17,1,10,3.6694e+06
2467,96,0,9,1.3808e+06
1758,96,0,8,2.625e+05
3268,83,0,9,2.5713e+06
2956,7,0,7,1.8929e+06
2195,30,0,7,1.0864e+06
2637,77,0,8,9.3286e+05
2418,45,0,10,1.7079e+06
2126,51,0,10,5.511e+05
1771,23,0,4,5.9728e+05
2534,48,0,9,2.1791e+06
2026,74,0,5,33030
2594,84,0,5,6.3172e+05
2214,74,0,9,2.6368e+05
2859,2,0,3,9.84e+05
2054,62,0,4,6.8529e+05
3537,26,0,9,1.9157e+06
3397,5,0,8,2.8672e+06
2296,46,0,7,3.5225e+05
3170,25,0,3,6.4102e+05
2183,25,0,10,8.6245e+05
1935,59,1,6,8.7335e+05
2621,7,0,2,3.9579e+05
2785,8,0,6,1.9274e+05
2755,49,0,1,2.4996e+05
2704,92,0,7,2.8921e+05
2909,59,1,3,49885
3002,74,0,1,1.4064e+05
2896,23,0,8,1.7241e+06
2708,86,0,5,7.0585e+05
3175,38,1,7,2.49e+06
2943,90,0,8,7.2984e+05
2317,32,0,6,1.3922e+06
2194,25,0,4,9.411e+05
1785,54,1,6,89173
2377,99,0,3,1.9598e+05
2000,15,0,4,7.5624e+05
3269,36,0,10,1.5288e+06
1166,8,0,5,3.9336e+05
1188,85,0,5,1.4778e+05
1664,50,0,6,4.6803e+05
2741,71,1,8,1.8281e+06
2814,66,0,1,2.2884e+05
2527,13,0,10,2.2733e+06
2550,88,0,8,1.2851e+06
1951,17,0,10,1.1493e+06
1899,24,1,9,4.9925e+05
1922,73,0,6,7115
2065,42,0,6,8.7598e+05
2073,100,1,2,2.6348e+05
2722,54,0,9,2.3642e+06
1946,62,0,7,9.4784e+05
1938,62,0,5,2.7983e+05
2694,23,0,9,2.3711e+06
2819,33,1,6,7.5752e+05
2981,49,1,1,1.4082e+05
2341,45,0,1,1.1232e+05
3553,13,0,4,1.6677e+05
2854,20,0,4,7.6086e+05
2413,33,1,4,8.3988e+05
2644,51,0,9,1.1889e+05
2135,61,0,7,41427
2727,49,1,3,8.1055e+05
2516,98,0,10,9.4929e+05
1934,96,0,8,8.5006e+05
3155,92,0,2,1.0401e+05
2535,12,0,1,1.3918e+05
2331,39,0,3,1.6331e+05
2829,26,0,9,41756
2520,24,0,9,1.8391e+06
3107,49,0,3,61820
3400,83,0,5,2.1929e+05
2661,90,0,1,2.1807e+05
2137,91,0,6,3.4973e+05
2669,41,0,2,1.0206e+05
2496,18,0,7,1.862e+06
2169,85,0,9,7.9139e+05
1834,10,1,6,1.4469e+06
2319,90,0,9,1.6566e+06
2156,100,0,2,2.2651e+05
1944,26,1,7,3.3147e+05
2933,25,0,4,4.4231e+05
1553,70,1,7,5.0753e+05
1523,30,0,9,8.8756e+05
2947,72,0,2,2.4696e+05
2410,38,0,4,3.8101e+05
1812,75,0,3,89786
2484,6,1,10,1.525e+06
1841,51,0,4,5.5517e+05
2358,76,0,1,88331
3301,11,0,9,7.1164e+05
2796,27,1,1,39362
3245,15,0,7,6.7679e+05
2347,26,0,10,2.653e+05
2259,33,0,6,66896
2628,94,0,7,1.1906e+06
2494,5,0,1,44593
2125,78,0,9,7.0398e+05
2354,39,0,4,3.6595e+05
2554,68,0,6,1.4238e+06
1696,7,1,8,1.4913e+06
2386,91,0,4,4.74e+05
2556,26,0,3,2.021e+05
2446,10,0,4,5.4786e+05
3031,88,0,1,1.3176e+05
1881,65,0,4,1.1736e+05
2307,73,1,1,2.1413e+05
2250,22,1,4,3.9089e+05
2171,17,0,5,15293
3073,2,0,1,58344
2761,77,0,4,4.4795e+05
2778,2,0,4,9.2927e+05
3217,99,0,1,2.214e+05
2784,96,0,3,2.117e+05
2647,23,1,10,3.4411e+06
2576,62,0,2,4.7492e+05
2927,36,0,10,1.6687e+06
3085,4,0,8,1.3453e+06
3228,70,0,9,2.734e+06
2358,48,0,4,2.8209e+05
2887,3,0,7,7.8152e+05
2599,54,1,2,1.1336e+05
3184,59,0,5,1.1111e+06
2815,85,0,3,4.6188e+05
2178,43,1,5,3.3110e+05
1844,21,0,9,1.475e+06
2696,21,0,7,1.875e+05
2369,68,0,4,6.5548e+05
2088,48,0,1,21495
2286,15,0,1,44303
2025,84,0,8,1.1263e+06
2222,12,1,1,2.8712e+05
2673,52,0,6,1.0602e+06
3089,53,0,2,4.0292e+05
3107,8,1,7,6.5319e+05
1795,87,0,2,2.6194e+05
3071,32,0,1,2.4784e+05
2489,62,0,8,1.0412e+06
2148,76,0,5,6.1848e+05
2341,18,0,10,2.6001e+06
3096,95,1,5,1.0835e+06
2312,56,1,3,7.3802e+05
2854,94,0,9,1.4613e+06
2003,1,1,6,1.5334e+06
1883,43,0,5,3.9362e+05
2644,53,1,6,4.5557e+05
2536,1,1,6,7.8333e+05
1529,89,0,2,1.3804e+05
3476,45,1,3,1.0034e+06
2546,76,0,8,5.4823e+05
1647,7,0,3,3.3904e+05
1665,50,0,8,1.1459e+06
2813,14,0,1,1.2374e+05
1824,94,0,5,4.5101e+05
2145,57,0,7,9.5942e+05
1785,72,0,7,3.3524e+05
2456,56,1,2,3.2428e+05
3084,27,0,7,1.3323e+06
2379,14,0,3,1.1027e+05
2417,34,0,4,9.2317e+05
2412,91,0,6,1.2131e+06
2043,40,0,4,7.5487e+05
2843,92,0,1,2.1584e+05
1691,17,0,5,2.2411e+05
2061,49,1,9,7.0718e+05
2864,84,0,6,5.6151e+05
2095,30,0,10,1.522e+06
2510,75,1,4,1.1006e+06
1906,60,1,8,1.3785e+05
2495,67,0,4,4.9370e+05
2792,64,0,8,2.0767e+05
3098,55,0,9,9.1065e+05
2860,94,0,4,2.3814e+05
2351,53,0,10,7.3657e+05
2429,13,1,6,1.7226e+06
1840,62,0,4,3.5575e+05
2906,40,0,2,6.119e+05
1946,34,1,5,3.0307e+05
2532,72,0,8,4.9504e+05
2047,14,0,8,2.1531e+05
1864,100,0,6,7.5590e+05
2560,72,0,2,90446
3135,53,0,5,1.2211e+05
2138,5,0,6,1.5077e+06
2843,67,0,5,1.0443e+06
1590,44,0,3,2.4376e+05
1797,54,0,3,3.3954e+05
2751,11,0,3,4.3649e+05
2439,36,0,1,1.3518e+05
2916,62,0,2,2.5687e+05
2535,7,0,8,2.1261e+06
2515,55,1,8,1.9549e+06
2788,28,0,4,1.1868e+06
1960,15,0,10,2.1744e+06
2857,90,0,3,62159
2078,96,0,5,4.8037e+05
3136,77,0,3,7.5755e+05
2877,99,0,9,2.5142e+05
2712,69,1,4,4.2625e+05
1795,53,0,5,1.3318e+05
2252,31,0,4,7.1497e+05
2235,29,0,9,1.7939e+06
1961,51,0,3,4.4043e+05
2374,52,0,8,7.4911e+05
3158,1,0,4,2.405e+05
2467,5,0,10,1.2651e+06
2117,32,1,10,6.2625e+05
1303,96,0,3,49730
3338,30,0,8,1.0469e+06
2629,90,1,9,2.1123e+06
2578,92,0,10,1.6729e+06
3044,81,0,2,1.0558e+05
2698,13,0,7,2.0544e+06
2686,86,1,9,2.3228e+06
2461,4,0,1,1.2194e+05
3638,67,0,9,1.7365e+06
2482,5,1,10,2.9547e+06
1687,39,0,3,4.6153e+05
2819,11,0,10,6.2124e+05
2219,22,0,8,1.5057e+06
2103,43,1,9,8.8523e+05
2596,60,1,1,1.4294e+05
2831,77,0,5,9.6964e+05
2962,86,0,6,65170
1832,77,0,5,75807
3032,36,0,5,1.51e+06
2709,7,0,8,1.9249e+06
1991,34,0,5,9.2069e+05
1408,85,0,3,55370
2039,37,0,7,6.2078e+05
2856,1,0,1,1.4447e+05
3500,64,0,8,1.0891e+05
1994,80,1,10,1.2979e+06
2259,48,0,4,3.7777e+05
2690,50,0,8,2.1534e+06
2805,43,0,1,2.9002e+05
2615,44,0,1,1.4168e+05
2074,47,0,6,6.1537e+05
2860,47,0,2,3.9932e+05
3252,28,0,1,1.2659e+05
1673,86,0,8,7.3046e+05
2548,33,1,6,1.843e+06
3582,11,0,9,2.6573e+06
2286,11,0,8,7.9669e+05
3191,53,0,10,2.1563e+06
3061,5,0,7,5.2786e+05
2938,28,0,5,6.0605e+05
2106,82,0,10,1.0272e+06
3222,64,0,3,6.5398e+05
2566,89,0,5,3.3608e+05
1943,10,0,1,1.8765e+05
1843,54,0,3,2.9737e+05
1927,34,0,6,1.0921e+06
3025,71,0,8,37430
2312,71,0,9,3.2396e+05
2547,63,0,7,1.4115e+05
1474,99,0,6,1.6956e+05
2034,77,0,10,1.3075e+06
2985,45,0,9,2.6296e+06
2976,73,0,4,3.3989e+05
2789,17,1,1,2.8061e+05
3010,94,0,1,80370
2723,33,1,9,1.8551e+06
2229,84,0,9,1.0048e+06
1829,92,0,3,39651
2942,50,1,4,2.2121e+05
1867,91,0,3,2.264e+05
1752,57,0,3,4.6144e+05
2952,38,0,8,5.36e+05
2505,74,1,3,5.7268e+05
2004,19,0,2,2.599e+05
3545,79,0,6,3.5574e+05
3512,32,0,7,1.51e+06
2235,88,1,5,7.5954e+05
2901,86,1,4,7.344e+05
3021,12,0,5,5.2945e+05
2621,28,0,7,1.5498e+05
2197,36,1,2,3.3572e+05
2920,5,1,3,9.256e+05
3291,15,1,1,4.1658e+05
3001,51,0,8,1.3881e+06
3298,65,1,7,1.5873e+06
2969,37,1,7,9.2688e+05
2139,10,1,7,5.9822e+05
2744,4,0,6,1.0002e+05
2342,72,0,5,6.1047e+05
2564,27,0,2,26570
2006,59,0,10,6.8471e+05
3545,74,0,5,1.1166e+06
2964,12,0,6,2.7807e+05
2985,56,1,3,1.3727e+05
3202,2,1,1,3.845e+05
2531,37,0,7,4.2017e+05
1867,96,0,8,4.6976e+05
2475,61,1,4,8.7365e+05
2998,25,0,6,1.0647e+06
2533,65,0,6,8.9634e+05
2672,57,1,8,2.0485e+06
2488,29,1,7,2.7108e+05
2209,78,0,7,1.1094e+06
2565,49,0,5,5.9543e+05
1478,94,0,4,2.6506e+05
2705,47,0,1,1.9409e+05
2371,17,0,3,4.858e+05
1580,57,1,5,29673
2257,16,0,9,1.3778e+06
2191,9,0,5,7.9037e+05
2911,97,0,2,5.2118e+05
2050,47,1,4,3.814e+05
1983,30,0,8,1.6897e+05
1971,3,0,9,9.0901e+05
1686,79,0,2,71160
3161,15,0,6,1.586e+06
2903,71,0,9,1.6954e+06
2414,76,0,8,88530
1403,22,1,8,6.8511e+05
2158,20,0,2,2.518e+05
2314,87,0,3,4.7584e+05
1990,24,0,8,1.4006e+06
1985,94,1,5,9.8789e+05
2245,29,0,6,1.4214e+06
3005,63,0,1,3.0037e+05
1717,15,0,8,3.71e+05
2336,14,0,8,3.4347e+05
2841,26,0,5,9.7102e+05
2465,61,1,5,1.2251e+05
3591,78,0,4,1.0988e+06
2916,27,0,3,2.8097e+05
2715,84,0,2,1.0295e+05
2142,82,1,6,5.6761e+05
2884,10,0,5,6.3525e+05
3299,76,0,9,8.8763e+05
2887,75,0,7,1.9381e+06
2670,45,1,8,1.8435e+06
2378,71,0,7,1.1469e+06
2716,59,0,6,5.6074e+05
2548,44,0,6,1.0853e+06
3340,7,1,9,2.9333e+06
2538,2,1,6,7.9871e+05
3019,3,0,3,5.0304e+05
1318,64,0,2,1.6923e+05
1729,95,1,2,2.5247e+05
2920,28,0,3,6.5827e+05
2313,34,0,8,6.6742e+05
2075,85,0,1,80952
2070,80,0,7,1.0754e+06
3011,24,1,9,2.5035e+06
2402,27,0,1,2294
2374,39,0,3,3.406e+05
2767,15,0,8,1.7562e+06
2711,32,0,9,9.654e+05
1856,44,1,7,62550
2607,37,1,6,1.0357e+05
2788,12,0,1,2.2213e+05
2549,2,1,3,8.0409e+05
2449,71,0,8,9.5262e+05
2853,95,1,4,9.6767e+05
1858,10,1,1,76840
2877,21,0,5,3.0008e+05
2620,62,0,1,92907
2885,53,0,8,5.0144e+05
2428,55,0,2,1.3643e+05
2338,85,0,7,1.3807e+06
2673,90,0,8,9.0883e+05
3107,47,0,9,1.1022e+06
2640,10,0,3,1.1809e+05
1946,14,0,10,1.7292e+06
2789,29,0,7,1.6584e+05
2836,53,1,3,21389
2679,5,1,4,1657
2141,50,1,8,1.0792e+06
2652,40,1,8,1.8316e+05
3021,4,1,2,1.0351e+05
2566,77,1,2,2.4745e+05
1534,86,0,4,1.9513e+05
2199,99,0,1,1.2086e+05
2961,17,0,2,56965
2975,41,0,5,8.4145e+05
2454,88,0,5,1.5971e+05
1374,92,0,3,34738
2412,67,1,5,1.711e+05
1997,62,1,7,2.4927e+05
2439,7,0,3,4.3642e+05
3025,36,0,6,1.9776e+06
1652,48,0,8,5.3453e+05
2395,28,0,10,2.6425e+06
2708,27,0,6,1.6385e+06
1538,23,0,9,1.1915e+06
2335,1,0,8,7.5807e+05
2972,86,0,3,1.6601e+05
2238,68,0,10,1.3038e+06
2709,60,0,2,5.2756e+05
1833,17,0,3,1.7306e+05
2666,5,0,6,1.0011e+06
1677,43,0,4,1.5258e+05
2540,55,0,4,2.4652e+05
2079,55,0,3,66601
2362,96,0,5,5.6862e+05
2533,61,0,2,3.1466e+05
2790,7,1,3,9.8104e+05
2184,4,0,10,6.7013e+05
2576,37,0,10,8.8759e+05
1945,52,0,2,2.2655e+05
2678,62,0,9,2.3581e+06
1760,9,0,2,3.1685e+05
2695,30,0,7,1.3235e+06
2730,77,0,5,9.4586e+05
2153,41,0,8,1.4209e+06
2845,33,0,10,9.1097e+05
2377,17,0,10,1.114e+06
2637,85,0,10,8.6326e+05
2617,97,0,9,1.6247e+06
2121,57,0,3,3.3272e+05
2404,34,1,2,1.5226e+05
1048,93,1,5,1.9482e+05
1970,39,0,3,5.9431e+05
2810,13,1,10,3.3624e+05
2874,66,0,4,7.6706e+05
2228,59,0,5,1.4247e+05
2493,6,0,4,7.675e+05
2201,48,1,8,1.9281e+06
2320,13,0,3,6.6164e+05
3594,7,1,2,3.188e+05
1940,23,0,10,7.5763e+05
2578,99,1,5,9.5051e+05
2539,83,0,3,3.6288e+05
2858,54,0,3,7.8181e+05
3043,9,0,1,2.0317e+05
3275,56,1,2,3.0852e+05
1227,99,0,2,96770
2772,45,0,3,42099
1906,14,0,7,1.1486e+06
1847,77,0,7,2.8633e+05
3101,68,1,5,2.4955e+05
2897,71,0,7,2.9694e+05
3028,8,0,8,2.8934e+05
3077,4,0,2,4.9067e+05
2945,29,1,2,5.1643e+05
2242,48,0,4,9.0383e+05
2731,10,0,6,1.8266e+06
2020,79,0,10,1.5197e+06
2349,55,0,2,2.944e+05
2371,62,0,10,3.0476e+05
2976,8,0,2,1.9482e+05
1885,45,0,4,7.0382e+05
3080,59,0,8,1.1507e+06
2795,72,1,1,2.6482e+05
1789,24,0,2,2.0275e+05
1996,10,0,9,1.7317e+06
2745,46,0,4,9.4356e+05
2495,92,0,5,3.5369e+05
2688,91,0,9,1.8401e+05
2397,77,0,9,1.4359e+06
2343,90,0,3,3.8163e+05
2388,78,0,1,72194
2648,49,0,5,27673
2264,91,0,10,9.3542e+05
2037,1,0,7,1.6963e+06
3280,21,0,7,2.159e+06
2415,52,0,9,6.3483e+05
2880,42,0,7,1.6038e+06
2224,58,0,4,1.5605e+05
3048,94,1,1,58040
2667,33,1,3,2.5056e+05
2669,84,0,10,1.545e+06
3179,16,0,3,3.819e+05
2309,73,0,10,1.1835e+06
2828,41,0,9,2.5642e+06
3008,85,1,7,1.4752e+05
2681,62,0,6,1.4297e+06
2687,6,0,9,2.4276e+06
2749,92,0,4,7.2553e+05
2417,36,1,1,1.7063e+05
2925,16,0,3,4.6377e+05
2638,91,0,1,1.6658e+05
2623,66,0,5,1.214e+06
2247,23,1,1,2.3314e+05
2908,69,0,2,4.2874e+05
2192,47,0,10,1.4106e+06
3152,20,0,7,2.2613e+06
2140,60,0,4,1.4726e+05
2852,30,0,5,3.5057e+05
3330,14,0,10,8.0247e+05
2211,35,0,1,64347
2155,74,0,7,8.354e+05
2698,21,1,3,4.6124e+05
1428,13,0,8,9.6829e+05
2043,52,0,10,5.3493e+05
2412,31,0,7,1.3493e+06
2040,87,0,10,6.3054e+05
1802,92,0,10,4.9337e+05
3139,69,0,2,3.9372e+05
2962,98,1,4,2.973e+05
1746,16,0,4,4.923e+05
2017,42,1,8,1.1002e+06
2016,97,0,7,9.4217e+05
3065,66,0,6,1.2068e+06
2693,97,1,1,11127
3120,90,1,7,9.4252e+05
1833,77,0,7,4.6549e+05
2785,99,0,7,1.6264e+06
2092,40,1,10,6.5171e+05
3203,32,0,5,1.7424e+06
1286,59,1,2,56694
3270,1,0,4,4.2557e+05
2402,91,1,4,34885
3121,92,0,8,1.9975e+06
2342,77,1,9,2.0003e+06
1983,5,0,8,1.0881e+06
2569,38,0,9,2.3314e+06
2664,77,0,5,1.3024e+05
2828,2,0,5,5.1058e+05
3173,1,0,10,1.6274e+06
2352,29,1,9,1.1301e+06
2973,30,0,5,1.5085e+05
2102,97,1,2,2.1301e+05
2555,17,0,1,1.6169e+05
2436,15,0,9,2.3703e+06
2452,16,0,4,2.8486e+05
2354,17,1,8,57629
2040,7,0,3,2.0348e+05
2125,97,0,3,97207
2900,1,0,7,1.002e+06
2287,92,0,2,1.1645e+05
2621,47,0,6,1.4031e+06
3172,66,0,3,1.9415e+05
2099,61,0,1,1.5274e+05
2507,16,0,6,1.7204e+06
2797,89,0,4,16124
3074,78,0,4,9.914e+05
2348,1,1,7,1.8627e+05
2200,7,0,7,5.4697e+05
2647,62,0,3,76862
2028,41,0,1,1899
2795,6,1,5,1.3364e+06
3018,5,1,3,1.1611e+06
1933,89,0,5,5.6613e+05
2694,20,0,1,74156
2707,99,0,4,5.3564e+05
2025,73,0,3,3.3554e+05
2713,20,0,1,77519
2467,27,0,9,7.2085e+05
2282,92,0,1,1.5037e+05
2407,59,0,10,2.2564e+06
2742,67,0,8,2.3483e+05
1847,2,0,5,4.5947e+05
2283,96,1,6,2.9677e+05
1784,39,1,6,1.3393e+06
2692,57,0,4,2100
1739,76,0,7,4.4044e+05
1728,93,0,7,4.9956e+05
2620,7,1,5,1.305e+06
2501,80,0,4,7.8834e+05
2015,27,0,5,7.6331e+05
2627,12,1,4,3.4482e+05
1106,24,0,10,1.0326e+05
2465,63,1,6,3.0363e+05
2243,82,0,7,6.4919e+05
1994,92,0,4,49478
2932,48,0,3,3.5541e+05
3138,41,0,4,5.6351e+05
2914,45,1,10,2.8701e+06
2659,51,0,4,7.5296e+05
2370,34,1,3,2.7755e+05
2149,18,0,10,1.3362e+06
2938,56,0,4,1.2369e+05
1761,71,1,10,7909
3150,48,0,10,1.2369e+06
1737,73,1,4,22511
3541,35,1,5,1.672e+06
2221,92,0,1,99571
1780,43,0,3,4.2993e+05
2235,72,0,10,1.9016e+06
2485,80,1,1,1.8268e+05
2684,97,1,8,9.9636e+05
1820,15,0,9,1.0649e+06
2088,20,1,1,1.3664e+05
2504,34,0,10,2.1682e+06
2952,92,0,6,45721
2733,9,0,5,8.2255e+05
3056,80,0,4,11868
1911,80,0,9,6.9057e+05
3017,25,0,8,6.8388e+05
3106,68,0,7,1.623e+05
2496,8,0,4,1.1749e+06
1058,99,0,6,1.1653e+05
3323,70,0,7,2.814e+05
2802,35,0,1,2.6974e+05
2454,63,1,3,8.5214e+05
1393,46,0,2,2.3387e+05
3342,78,0,5,1.9208e+05
2223,17,0,9,5.073e+05
2026,30,1,2,3.7772e+05
2799,43,0,6,1.2507e+06
3299,12,0,1,1.2076e+05
3095,39,1,4,1.0941e+06
2350,15,0,3,1.8992e+05
3330,74,0,4,1.2195e+06
2485,24,0,1,1.5791e+05
2374,30,0,3,4.0574e+05
1807,92,0,1,8752
3412,83,0,1,25548
2209,29,0,6,1.4405e+06
2384,72,0,7,1.0816e+06
1885,79,0,1,10761
1968,47,0,5,4.7113e+05
3272,72,0,2,6.1917e+05
2507,55,0,9,2.0695e+06
3515,87,1,6,1.2235e+06
2106,17,0,4,85281
2099,83,0,4,2.5175e+05
2898,97,0,3,7.5801e+05
3126,41,0,5,1.6013e+06
1851,30,0,2,1.0527e+05
2401,38,0,5,9.1925e+05
2333,29,0,8,5.6e+05
3725,25,0,7,70819
2261,60,0,4,7.6149e+05
2220,90,0,7,1.1667e+06
2310,100,0,10,5.4084e+05
2486,17,0,3,2.7261e+05
3009,1,0,6,1.6479e+06
3248,88,1,2,3.4244e+05
2056,4,1,6,1.4126e+06
1725,76,0,5,1.7953e+05
2555,12,0,5,1.4402e+06
2568,58,0,9,3.7345e+05
2984,61,0,6,1.8317e+06
2074,28,0,9,6.7994e+05
2026,30,0,10,1.3928e+06
1885,43,0,9,1.1095e+06
3150,48,0,10,9.4571e+05
3582,92,0,7,2.4375e+06
2107,14,0,2,1.945e+05
1800,35,0,4,6.1769e+05
2618,79,0,3,84199
2658,58,0,1,73568
3016,77,0,10,1.446e+06
2761,57,0,5,7.9155e+05
2467,2,0,8,2.1195e+06
3211,4,0,9,1.9245e+06
2618,14,0,6,1.3805e+06
2573,13,0,9,2.3867e+06
1976,94,0,9,6.6118e+05
3350,45,0,6,2.1749e+06
2828,1,0,8,2.0904e+06
2086,29,0,6,1.2816e+06
1745,84,0,10,2.4597e+05
2133,68,0,4,6.0771e+05
3071,12,0,10,1.7978e+06
2498,27,0,4,1.1087e+06
2359,78,0,10,9.2516e+05
2953,50,0,7,2.021e+06
2026,79,1,3,70273
2579,71,0,9,4.5444e+05
1947,33,0,2,1.5004e+05
1719,71,1,1,85796
2780,85,0,5,6.9958e+05
1424,40,0,3,2.4787e+05
2748,31,0,4,1.1306e+06
2065,8,0,1,2.0741e+05
3010,53,0,8,1.4875e+06
2785,25,0,3,5.0577e+05
2733,31,0,1,111
2110,44,0,10,3.9067e+05
2276,27,0,10,1.7627e+06
2606,75,0,8,3.0667e+05
2748,99,0,5,9.1341e+05
2589,27,0,5,9.0391e+05
2681,52,0,8,2.0201e+06
2448,90,1,3,7.1163e+05
2207,67,0,10,1.4548e+06
1625,20,1,2,1.5193e+05
3250,3,0,5,1.9188e+06
1780,87,1,7,1.0528e+06
2460,60,1,4,1.8741e+05
2332,75,0,7,1.4797e+06
2595,61,1,8,9.8638e+05
2886,96,0,8,68399
2337,28,0,6,2.334e+05
2721,66,0,9,3.2702e+05
1588,48,0,8,2.9383e+05
2466,85,1,7,84920
2503,80,0,3,2.0657e+05
2353,2,0,4,1.1946e+05
2487,71,0,1,2.2175e+05
2720,73,0,6,1.4076e+06
3330,24,0,7,1.4645e+06
2271,75,0,8,1.6119e+06
2445,25,0,3,6.9867e+05
2212,70,0,8,1.1993e+06
3553,13,0,10,1.3794e+06
2649,85,0,8,1.6245e+06
2002,66,0,9,1.4825e+06
2209,5,1,8,2.0761e+05
2540,34,1,3,3.4481e+05
2300,21,0,10,1.47e+06
2865,6,1,7,8.9922e+05
2367,85,0,6,1.2216e+06
2929,20,0,3,6.2375e+05
1869,77,0,3,3.0228e+05
3547,77,0,5,1.7502e+06
2344,78,0,1,65938
2342,92,0,3,5.7285e+05
1726,29,0,8,1.0572e+06
3092,3,0,4,7.1902e+05
2712,20,0,5,1.9073e+05
2107,23,0,5,3.9727e+05
2512,73,0,6,5.3496e+05
2799,63,0,6,1.0269e+06
3028,73,1,3,7.9026e+05
2225,93,0,5,36330
2239,28,0,3,5.7607e+05
2366,38,1,9,2.4315e+06
2318,9,0,7,6.0313e+05
2820,95,0,10,2.3598e+06
2836,65,0,10,1.5178e+06
3073,94,1,10,6.9981e+05
3142,30,0,7,8.4112e+05
2652,91,1,3,1.3994e+05
3038,38,0,8,2.4119e+06
1997,53,0,6,1.0883e+06
2821,45,0,2,1.0497e+05
2844,81,0,1,2.3617e+05
2495,1,0,9,1.0471e+06
2887,30,0,8,1.5107e+06
3205,57,1,5,6.5791e+05
2950,4,0,8,2.6561e+06
3407,9,0,8,2.3297e+06
2360,81,0,10,1.6276e+06
2087,98,0,8,5.7784e+05
2120,34,0,9,6.5979e+05
2522,40,0,7,1.1707e+06
2435,62,0,6,7.296e+05
2382,34,0,2,1.7836e+05
2840,50,0,9,2.096e+06
2918,100,0,3,2.5371e+05
2272,11,0,4,1.7006e+05
3049,98,0,8,1.8642e+06
2810,66,0,8,1.7243e+06
3096,58,0,4,2.525e+05
2558,24,0,1,2.3982e+05
2207,79,0,8,3.2417e+05
2915,66,0,10,1.7782e+06
3196,28,0,5,1.0045e+06
3100,54,1,1,3.4473e+05
2967,37,0,8,1.4776e+05
2092,78,0,7,8.9099e+05
2624,68,0,6,2.4711e+05
2789,86,1,9,2.6207e+06
3228,74,0,2,68472
2380,29,0,1,1.5765e+05
1854,76,0,7,9.7364e+05
3043,55,0,5,59779
2720,35,0,10,4.1241e+05
3077,2,1,4,1.3258e+06
1617,80,1,3,1.2660e+05
2662,22,0,3,2.3781e+05
2063,22,0,7,9.4353e+05
2698,48,0,1,1.3592e+05
3514,57,0,2,5.0432e+05
3125,81,0,3,1.4252e+05
2432,68,1,5,2.6709e+05
2260,90,1,1,1.9814e+05
2385,49,0,10,2.4868e+05
1798,30,0,10,1.3411e+06
1968,52,0,9,1.2234e+06
2403,21,1,9,80473
2595,28,0,10,2.2887e+06
2729,34,1,9,2.7441e+05
2325,55,0,10,1.1672e+06
2551,36,0,8,2.1934e+06
3164,27,0,5,1.7121e+06
1982,53,1,2,3.2488e+05
2647,30,0,10,1.9522e+06
2722,22,0,10,1.0385e+06
3572,47,0,2,3.3659e+05
2260,74,1,2,2.3554e+05
2752,50,0,8,1.7595e+06
3166,49,0,2,1.4217e+05
2290,77,0,10,3.6496e+05
2641,86,0,5,1.301e+05
2050,95,0,8,7.3811e+05
3738,50,0,6,1.2125e+06
3014,8,0,1,3.5164e+05
3198,97,0,7,1.6179e+06
2380,28,0,1,1.3916e+05
1906,95,1,2,2.7255e+05
2555,38,0,5,1.091e+05
2262,76,0,9,1.2114e+06
2300,40,0,6,1.0708e+06
2482,83,0,10,1.5903e+06
2122,92,0,9,7.7013e+05
2677,4,0,1,37456
3317,1,0,10,2.1337e+06
2105,86,0,1,1.4411e+05
3043,17,1,6,4.0469e+05
1715,68,0,7,9.3482e+05
2607,62,0,5,5.1992e+05
2175,44,0,1,18012
2457,2,0,7,9.4315e+05
3270,69,0,5,1.4781e+06
1721,31,0,2,17263
2748,19,0,10,2.3465e+06
2225,65,1,5,1.2928e+06
3272,80,0,2,1.472e+05
2090,60,0,4,52426
1796,19,0,1,76410
3078,45,0,1,128
2260,33,0,5,8.5107e+05
2841,9,0,4,76795
2514,50,0,3,5.5483e+05
2388,82,0,8,1.1964e+06
2399,39,0,10,8.8562e+05
3414,45,0,4,4.8622e+05
2798,60,0,3,3.6465e+05
2807,67,0,7,1.0478e+05
2684,93,1,7,1.9515e+06
3006,11,0,10,3.3644e+06
2101,90,0,10,1.2761e+06
1900,56,0,7,1.6034e+05
2421,69,0,4,6.3745e+05
2285,66,0,6,6.4335e+05
2227,13,0,2,2.8299e+05
2929,90,0,8,1.8275e+06
2438,9,0,8,2.1637e+06
1824,71,0,2,1.3315e+05
2378,29,0,1,1.8764e+05
1899,20,0,8,1.3544e+06
2411,65,0,6,6.2853e+05
2892,97,0,7,8.1839e+05
2268,33,0,1,2.0928e+05
2326,81,0,4,2.1293e+05
3171,59,1,5,1.9046e+06
2467,54,0,6,9.0785e+05
2467,38,0,1,1.3828e+05
2628,73,0,5,8.4939e+05
2203,66,0,8,1.5126e+06
2634,49,0,6,6.1656e+05
2629,55,1,9,1.6656e+06
2593,71,0,5,7162
2750,82,0,2,1.6809e+05
2604,39,1,8,74696
1912,68,0,7,3.8852e+05
2845,61,0,3,8.3916e+05
1843,3,0,6,1.0632e+06
2450,54,0,4,8.546e+05
2833,11,0,5,1.6839e+06
2944,43,0,1,2.0783e+05
2500,16,0,4,4.7909e+05
2956,12,1,5,6.5364e+05
2153,40,0,3,3.6843e+05
2963,15,0,4,1.3141e+06
1850,10,0,1,2.0479e+05
3103,15,1,2,1.9248e+05
2640,59,0,4,3.2277e+05
3010,92,0,8,5.9556e+05
1777,36,0,1,1.6358e+05
2466,75,0,4,5.1566e+05
2965,84,1,4,5.6371e+05
3231,33,0,7,1.1591e+06
3086,25,0,1,1.9355e+05
2447,61,0,1,70306
2125,68,0,4,7.6472e+05
2746,23,0,8,8.3913e+05
2552,84,1,2,2.253e+05
2433,73,1,7,9951
1878,20,0,7,4.8046e+05
2283,1,0,4,4.3325e+05
2169,7,0,1,58162
2587,38,0,2,2.3925e+05
2504,40,0,1,1.3828e+05
1599,29,1,1,31100
2256,74,0,3,4.5058e+05
2700,68,1,5,11378
2175,44,0,1,8856
2269,89,0,7,6.3537e+05
3291,76,1,3,1.1083e+05
2967,46,0,8,1.2164e+06
2021,2,1,7,6.2406e+05
2036,80,0,4,3.2709e+05
1907,60,0,9,1.5081e+06
3236,42,0,1,96577
2773,17,0,2,1.1136e+05
2990,74,1,3,5.55e+05
2143,11,1,1,1.6256e+05
2728,21,0,4,1.0467e+06
2539,63,1,6,1.493e+06
2449,59,0,8,1.6348e+06
1772,72,0,10,3.6874e+05
2828,60,1,3,8.5693e+05
2634,68,0,6,6.3364e+05
2177,26,1,8,2.0265e+06
2196,84,0,8,1.4433e+06
2162,2,0,9,2.0322e+06
2016,25,0,4,84191
3214,48,0,4,1.3029e+06
2475,4,0,3,6.138e+05
2880,47,0,9,1.8694e+06
2380,25,0,3,3.557e+05
2953,55,0,6,1.3386e+06
2660,35,0,6,1.4302e+06
2965,79,1,1,2.4145e+05
3263,23,0,10,2.8353e+05
2980,69,0,1,13769
1800,22,0,10,2.0514e+05
1817,77,0,9,3.3862e+05
2584,53,1,4,1.1444e+06
1782,40,0,2,11642
1780,61,1,5,3.9316e+05
2481,2,0,6,3.3985e+05
3274,57,0,6,8.2348e+05
2457,44,0,4,22499
2675,96,0,1,1.0734e+05
1455,91,0,3,42136
2796,36,0,5,4.0854e+05
3919,48,0,2,77357
2568,50,0,3,3.1596e+05
2538,79,1,2,28133
1643,30,0,3,70298
3340,50,0,4,5.7947e+05
1407,22,0,2,3.0012e+05
3489,53,0,2,3.9271e+05
2336,49,0,4,6.3102e+05
2662,3,0,10,1.797e+06
2280,23,0,10,1.195e+06
2707,16,0,10,1.5291e+06
2575,57,0,4,6.295e+05
2888,79,0,10,2.0386e+06
